RptDt;TckrSymb;ISIN;Asst;BalQty;TradAvrgPric;PricFctr;BalVal
2023-05-03;A1DM34;BRA1DMBDR002;A1DM;1;408,37;1;408,37
2023-05-03;A1ES34;BRA1ESBDR007;A1ES;9;117,7433333;1;1059,69
2023-05-03;A1MD34;BRA1MDBDR002;A1MD;5000;56,12;1;280600
2023-05-03;A1NS34;BRA1NSBDR008;A1NS;3;402,4966666;1;1207,49
2023-05-03;A1RE34;BRA1REBDR009;A1RE;8;154,59125;1;1236,73
2023-05-03;A1UT34;BRA1UTBDR001;A1UT;4;256,39;1;1025,56
2023-05-03;A1WK34;BRA1WKBDR006;A1WK;135;185,3611111;1;25023,75
2023-05-03;A1ZN34;BRA1ZNBDR003;A1ZN;1;58,87;1;58,87
2023-05-03;A2MC34;BRA2MCBDR002;A2MC;275;4,2170909;1;1159,7
2023-05-03;AALL34;BRAALLBDR003;AALL;1;71,73;1;71,73
2023-05-03;AALR3;BRAALRACNOR6;AALR;439559;22,5952562;1;9931948,23
2023-05-03;AAPL34;BRAAPLBDR004;AAPL;1589967;41,5346306;1;66038692,07
2023-05-03;ABBV34;BRABBVBDR001;ABBV;3207;51,2830495;1;164464,74
2023-05-03;ABCB4;BRABCBACNPR4;ABCB;4681108;16,54828;1;77464285,92
2023-05-03;ABEV3;BRABEVACNOR1;ABEV;286090675;14,3171686;1;4096008454,37
2023-05-03;ABUD34;BRABUDBDR009;ABUD;46000;54,58;1;2510680
2023-05-03;ACWI11;BRACWICTF001;ACWI;150;9,4246666;1;1413,7
2023-05-03;ADBE34;BRADBEBDR003;ADBE;25258;38,0238704;1;960406,92
2023-05-03;ADPR34;BRADPRBDR005;ADPR;1;47,1;1;47,1
2023-05-03;AERI3;BRAERIACNOR4;AERI;21451773;1,3361345;1;28662455,84
2023-05-03;AESB3;BRAESBACNOR7;AESB;58949613;10,2019852;1;601403083,61
2023-05-03;AGRO3;BRAGROACNOR7;AGRO;4560768;24,1325624;1;110063018,71
2023-05-03;AGXY3;BRAGXYACNOR4;AGXY;231582;7,2788852;1;1685658,8
2023-05-03;AIRB34;BRAIRBBDR004;AIRB;47008;29,1065905;1;1368242,61
2023-05-03;ALLD3;BRALLDACNOR3;ALLD;41608;4,8060969;1;199972,08
2023-05-03;ALPA3;BRALPAACNOR0;ALPA;12857;8,3399642;1;107226,92
2023-05-03;ALPA4;BRALPAACNPR7;ALPA;45526825;7,414035;1;337537475,27
2023-05-03;ALPK3;BRALPKACNOR9;ALPK;170764;1,2189125;1;208146,39
2023-05-03;ALSO3;BRALSOACNOR5;ALSO;27567313;18,1750367;1;501036926,7
2023-05-03;ALUG11;BRALUGCTF000;ALUG;96830;32,6478884;1;3161295,04
2023-05-03;ALUP11;BRALUPCDAM15;ALUP;2716346;26,8922614;1;73048686,78
2023-05-03;ALUP3;BRALUPACNOR8;ALUP;2222;8,8511296;1;19667,21
2023-05-03;ALUP4;BRALUPACNPR5;ALUP;5209;8,9478863;1;46609,54
2023-05-03;ALZR11;BRALZRCTF006;ALZR;2020;114,0303118;1;230341,23
2023-05-03;AMAR3;BRAMARACNOR4;AMAR;21511855;0,6394777;1;13756353,25
2023-05-03;AMBP3;BRAMBPACNOR6;AMBP;3546533;20,9703566;1;74372061,72
2023-05-03;AMER3;BRAMERACNOR6;AMER;40332707;1,1130483;1;44892252,54
2023-05-03;AMGN34;BRAMGNBDR004;AMGN;408;43,9504901;1;17931,8
2023-05-03;AMZO34;BRAMZOBDR002;AMZO;558888;25,9183078;1;14485431,23
2023-05-03;ANIM3;BRANIMACNOR6;ANIM;15985354;2,3664053;1;37827827,18
2023-05-03;APER3;BRAPERACNOR9;APER;99137;26,1684897;1;2594265,57
2023-05-03;ARML3;BRARMLACNOR1;ARML;4884378;11,6552835;1;56928810,58
2023-05-03;ARMT34;BRARMTBDR008;ARMT;1;74,64;1;74,64
2023-05-03;ARRI11;BRARRICTF009;ARRI;14996;8,6117971;1;129142,51
2023-05-03;ARZZ3;BRARZZACNOR3;ARZZ;8003306;64,5002186;1;516214986,55
2023-05-03;ASAI3;BRASAIACNOR0;ASAI;47361089;13,1208737;1;621418869,3
2023-05-03;ASML34;BRASMLBDR003;ASML;682;56,97;1;38853,54
2023-05-03;ATMP3;BRATMPACNOR8;ATMP;4464;1,1606563;1;5181,17
2023-05-03;ATOM3;BRATOMACNOR1;ATOM;10994;2,9688539;1;32639,58
2023-05-03;ATTB34;BRATTBBDR007;ATTB;83;33,1;1;2747,3
2023-05-03;AURA33;BRAURABDR001;AURA;637884;38,471659;1;24540455,77
2023-05-03;AURE3;BRAUREACNOR9;AURE;9345360;15,1399602;1;141488378,84
2023-05-03;AVGO34;BRAVGOBDR003;AVGO;718;45,3257103;1;32543,86
2023-05-03;AVLL3;BRAVLLACNOR5;AVLL;12;2,8625;1;34,35
2023-05-03;AXPB34;BRAXPBBDR007;AXPB;3;80,37;1;241,11
2023-05-03;AZEV3;BRAZEVACNOR0;AZEV;3887;1,3328222;1;5180,68
2023-05-03;AZEV4;BRAZEVACNPR7;AZEV;1111058;1,2280935;1;1364483,17
2023-05-03;AZUL4;BRAZULACNPR4;AZUL;17224639;10,9379608;1;188402427,39
2023-05-03;B1IL34;BRB1ILBDR002;B1IL;720;23,375;1;16830
2023-05-03;B1NT34;BRB1NTBDR005;B1NT;7334;40,1022947;1;294110,23
2023-05-03;B1SA34;BRB1SABDR004;B1SA;14;47,27;1;661,78
2023-05-03;B2YN34;BRB2YNBDR003;B2YN;957;3,9298537;1;3760,87
2023-05-03;B3SA3;BRB3SAACNOR6;B3SA;190888222;11,4706811;1;2189617929,46
2023-05-03;BAAX39;BRBAAXBDR009;BAAX;33576;34,0946428;1;1144761,73
2023-05-03;BABA34;BRBABABDR005;BABA;948726;16,9511412;1;16081988,39
2023-05-03;BACW39;BRBACWBDR007;BACW;46269;45,9038998;1;2123927,54
2023-05-03;BAHI3;BRBAHIACNOR1;BAHI;149;10,5962416;1;1578,84
2023-05-03;BARI11;BRBARICTF003;BARI;14462;77,6100691;1;1122396,82
2023-05-03;BAZA3;BRBAZAACNOR0;BAZA;81;68,02;1;5509,62
2023-05-03;BBAS3;BRBBASACNOR3;BBAS;99362274;42,2966259;1;4202688932,22
2023-05-03;BBDC3;BRBBDCACNOR1;BBDC;36810613;12,0484596;1;443511185,3
2023-05-03;BBDC4;BRBBDCACNPR8;BBDC;244191878;13,501849;1;3297041885,13
2023-05-03;BBOI11;BRBBOICTF008;BBOI;8;8,49;1;67,92
2023-05-03;BBOV11;BRBBOVCTF001;BBOV;6914;53,5485536;1;370234,7
2023-05-03;BBPO11;BRBBPOCTF003;BBPO;677;85,8432496;1;58115,88
2023-05-03;BBSD11;BRBBSDCTF000;BBSD;3;82,67;1;248,01
2023-05-03;BBSE3;BRBBSEACNOR5;BBSE;17739206;34,2780803;1;608065928,69
2023-05-03;BBUG39;BRBBUGBDR000;BBUG;14;36,8335714;1;515,67
2023-05-03;BBYY34;BRBBYYBDR005;BBYY;1;370;1;370
2023-05-03;BCFF11;BRBCFFCTF000;BCFF;8955;65,389254;1;585560,77
2023-05-03;BCHI39;BRBCHIBDR001;BCHI;125268;30,763408;1;3853670,6
2023-05-03;BCHQ39;BRBCHQBDR004;BCHQ;11;23,4536363;1;257,99
2023-05-03;BCIA11;BRBCIACTF005;BCIA;1054;84,5080929;1;89071,53
2023-05-03;BCLO39;BRBCLOBDR001;BCLO;3;27,92;1;83,76
2023-05-03;BCRI11;BRBCRICTF009;BCRI;217;69,9564516;1;15180,55
2023-05-03;BCSA34;BRBCSABDR005;BCSA;663;17,363107;1;11511,74
2023-05-03;BDEF11;BRBDEFCTF001;BDEF;50;95,55;1;4777,5
2023-05-03;BDOM11;BRBDOMCTF006;BDOM;306;84,8697385;1;25970,14
2023-05-03;BDVD39;BRBDVDBDR001;BDVD;3;43,31;1;129,93
2023-05-03;BDVY39;BRBDVYBDR007;BDVY;60;59,53;1;3571,8
2023-05-03;BEEF3;BRBEEFACNOR6;BEEF;24485926;9,4308612;1;230923370,52
2023-05-03;BEEM39;BRBEEMBDR006;BEEM;33369;33,2481842;1;1109458,66
2023-05-03;BEES3;BRBEESACNOR9;BEES;1046;6,844694;1;7159,55
2023-05-03;BEES4;BRBEESACNPR6;BEES;609;7,7303119;1;4707,76
2023-05-03;BEFA39;BRBEFABDR008;BEFA;10;46,226;1;462,26
2023-05-03;BERK34;BRBERKBDR002;BERK;341094;80,2095245;1;27358987,55
2023-05-03;BEWA39;BRBEWABDR003;BEWA;10;38,63;1;386,3
2023-05-03;BEWG39;BRBEWGBDR000;BEWG;5;48,87;1;244,35
2023-05-03;BEWJ39;BRBEWJBDR004;BEWJ;4614;36,6360359;1;169038,67
2023-05-03;BEWQ39;BRBEWQBDR009;BEWQ;40000;49,9;1;1996000
2023-05-03;BEWU39;BRBEWUBDR001;BEWU;15;56,98;1;854,7
2023-05-03;BEWY39;BRBEWYBDR003;BEWY;72;38,7408333;1;2789,34
2023-05-03;BEWZ39;BRBEWZBDR000;BEWZ;736;47,8623233;1;35226,67
2023-05-03;BFNX39;BRBFNXBDR001;BFNX;18;20,6255555;1;371,26
2023-05-03;BGIP3;BRBGIPACNOR1;BGIP;220;32,19;1;7081,8
2023-05-03;BGIP4;BRBGIPACNPR8;BGIP;20;17,921;1;358,42
2023-05-03;BIAU39;BRBIAUBDR008;BIAU;2192;47,7637956;1;104698,24
2023-05-03;BIEM39;BRBIEMBDR007;BIEM;32010;40,5362161;1;1297564,28
2023-05-03;BIEU39;BRBIEUBDR000;BIEU;6560;44,6466158;1;292881,8
2023-05-03;BIOM3;BRBIOMACNOR2;BIOM;7502;3,7849613;1;28394,78
2023-05-03;BITH11;BRBITHCTF004;BITH;84738;34,4483105;1;2919080,94
2023-05-03;BITI11;BRBITICTF010;BITI;7607;43,0019192;1;327115,6
2023-05-03;BITO39;BRBITOBDR001;BITO;13155;45,9141383;1;604000,49
2023-05-03;BIVB39;BRBIVBBDR004;BIVB;90300;51,8736008;1;4684186,16
2023-05-03;BIWM39;BRBIWMBDR009;BIWM;100;43,26;1;4326
2023-05-03;BIYE39;BRBIYEBDR002;BIYE;9857;73,9513279;1;728938,24
2023-05-03;BIYF39;BRBIYFBDR009;BIYF;305;23,8801311;1;7283,44
2023-05-03;BKNG34;BRBKNGBDR006;BKNG;861;73,8066085;1;63547,49
2023-05-03;BLAK34;BRBLAKBDR003;BLAK;19335;50,9881887;1;985856,63
2023-05-03;BLAU3;BRBLAUACNOR8;BLAU;1060583;21,4101014;1;22707189,61
2023-05-03;BLBT39;BRBLBTBDR002;BLBT;831;38,4941516;1;31988,64
2023-05-03;BLMG11;BRBLMGCTF005;BLMG;10450;65,7729655;1;687327,49
2023-05-03;BLMR11;BRBLMRCTF002;BLMR;14;6,2678571;1;87,75
2023-05-03;BMEB3;BRBMEBACNOR8;BMEB;332;10,6846987;1;3547,32
2023-05-03;BMEB4;BRBMEBACNPR5;BMEB;141;10,0536879;1;1417,57
2023-05-03;BMGB4;BRBMGBACNPR0;BMGB;1348359;2,0309014;1;2738384,31
2023-05-03;BMKS3;BRBMKSACNOR9;BMKS;1;383,29;1;383,29
2023-05-03;BMOB3;BRBMOBACNOR7;BMOB;602481;13,826969;1;8330486,16
2023-05-03;BNBR3;BRBNBRACNOR8;BNBR;78;77,1346153;1;6016,5
2023-05-03;BNDA39;BRBNDABDR004;BNDA;5304;50,5408578;1;268068,71
2023-05-03;BOAC34;BRBOACBDR004;BOAC;3054;36,6507072;1;111931,26
2023-05-03;BOAS3;BRBOASACNOR6;BOAS;2520863;7,5377877;1;19001730,18
2023-05-03;BOBR4;BRBOBRACNPR3;BOBR;26640;1,4549647;1;38760,26
2023-05-03;BOTZ39;BRBOTZBDR005;BOTZ;7;31,4542857;1;220,18
2023-05-03;BOVA11;BRBOVACTF003;BOVA;102802447;99,6627501;1;10245574593,99
2023-05-03;BOVB11;BRBOVBCTF001;BOVB;429014;104,1827876;1;44695874,48
2023-05-03;BOVV11;BRBOVVCTF009;BOVV;16194492;105,9754353;1;1716218340,7
2023-05-03;BOVX11;BRBOVXCTF005;BOVX;6569967;10,3982302;1;68316029,67
2023-05-03;BPAC11;BRBPACUNT006;BPAC;55451935;22,4400291;1;1244343035,83
2023-05-03;BPAC3;BRBPACACNOR7;BPAC;455;10,3756923;1;4720,94
2023-05-03;BPAC5;BRBPACACNPA0;BPAC;15903;5,544799;1;88178,94
2023-05-03;BPAN4;BRBPANACNPR1;BPAN;25325292;5,1207954;1;129685641,17
2023-05-03;BPFF11;BRBPFFCTF002;BPFF;30;62,3086666;1;1869,26
2023-05-03;BQYL39;BRBQYLBDR000;BQYL;55;28,404909;1;1562,27
2023-05-03;BRAP3;BRBRAPACNOR5;BRAP;134329;23,1959904;1;3115894,2
2023-05-03;BRAP4;BRBRAPACNPR2;BRAP;10908782;25,6522196;1;279834472,09
2023-05-03;BRAX11;BRBRAXCTF002;BRAX;615;87,6054634;1;53877,36
2023-05-03;BRBI11;BRBRBICDAM10;BRBI;528679;10,2998825;1;5445331,6
2023-05-03;BRCO11;BRBRCOCTF007;BRCO;13239;98,8110605;1;1308159,63
2023-05-03;BRCR11;BRBRCRCTF000;BRCR;35848;53,4519493;1;1916145,48
2023-05-03;BRFS3;BRBRFSACNOR8;BRFS;42743959;6,0765674;1;259736550,63
2023-05-03;BRIT3;BRBRITACNOR0;BRIT;645429;2,1540466;1;1390284,16
2023-05-03;BRIV4;BRBRIVACNPR3;BRIV;35;9,37;1;327,95
2023-05-03;BRKM3;BRBRKMACNOR1;BRKM;33963;20,0756714;1;681830,03
2023-05-03;BRKM5;BRBRKMACNPA4;BRKM;13886584;19,4264286;1;269766733,35
2023-05-03;BROF11;BRBROFCTF000;BROF;16073;59,0401007;1;948951,54
2023-05-03;BRPR3;BRBRPRACNOR9;BRPR;11003;66,0024029;1;726224,44
2023-05-03;BRSR3;BRBRSRACNOR3;BRSR;520;11,0292115;1;5735,19
2023-05-03;BRSR5;BRBRSRACNPA6;BRSR;200;18,23;1;3646
2023-05-03;BRSR6;BRBRSRACNPB4;BRSR;8050476;10,2059232;1;82162540,2
2023-05-03;BSIL39;BRBSILBDR009;BSIL;15;30,2773333;1;454,16
2023-05-03;BSLV39;BRBSLVBDR002;BSLV;29220;38,0875106;1;1112917,06
2023-05-03;BSOC39;BRBSOCBDR006;BSOC;3;21,79;1;65,37
2023-05-03;BTAL11;BRBTALCTF003;BTAL;328;88,2691463;1;28952,28
2023-05-03;BTCI11;BRBTCICTF005;BTCI;2527;9,0480371;1;22864,39
2023-05-03;BTLG11;BRBTLGCTF000;BTLG;9201;96,0784512;1;884017,83
2023-05-03;BTRA11;BRBTRACTF000;BTRA;429;76,7520979;1;32926,65
2023-05-03;BURT39;BRBURTBDR009;BURT;73267;39,77;1;2913828,59
2023-05-03;BXPO11;BRBXPOCTF007;BXPO;283;96,9869611;1;27447,31
2023-05-03;C1GP34;BRC1GPBDR006;C1GP;19;3,5;1;66,5
2023-05-03;C1MA34;BRC1MABDR006;C1MA;35;94,3048571;1;3300,67
2023-05-03;C1SU34;BRC1SUBDR001;C1SU;695;2,2797841;1;1584,45
2023-05-03;C2OI34;BRC2OIBDR003;C2OI;27102;12,4757217;1;338117,01
2023-05-03;CACR11;BRCACRCTF004;CACR;902;104,1396008;1;93933,92
2023-05-03;CALI3;BRCALIACNOR1;CALI;100;15,19;1;1519
2023-05-03;CAMB3;BRCAMBACNOR4;CAMB;17633;5,9120592;1;104247,34
2023-05-03;CAML3;BRCAMLACNOR3;CAML;7203744;7,0225376;1;50588563,15
2023-05-03;CARE11;BRCARECTF000;CARE;105;2,0508571;1;215,34
2023-05-03;CASH3;BRCASHACNOR8;CASH;82824049;0,8998161;1;74526414,88
2023-05-03;CATP34;BRCATPBDR003;CATP;8308;69,6126384;1;578341,8
2023-05-03;CBAV3;BRCBAVACNOR5;CBAV;11682911;5,7890491;1;67632945,53
2023-05-03;CCRO3;BRCCROACNOR2;CCRO;66678424;13,0326147;1;868994213,27
2023-05-03;CEAB3;BRCEABACNOR1;CEAB;12304194;2,8258386;1;34769666,8
2023-05-03;CEBR3;BRCEBRACNOR5;CEBR;545;13,197211;1;7192,48
2023-05-03;CEBR5;BRCEBRACNPA8;CEBR;2;13,085;1;26,17
2023-05-03;CEBR6;BRCEBRACNPB6;CEBR;1804;14,2205764;1;25653,92
2023-05-03;CEDO3;BRCEDOACNOR8;CEDO;228;6,8543859;1;1562,8
2023-05-03;CEDO4;BRCEDOACNPR5;CEDO;46;3,3752173;1;155,26
2023-05-03;CGAS3;BRCGASACNOR0;CGAS;1;116,45;1;116,45
2023-05-03;CGAS5;BRCGASACNPA3;CGAS;1615;127,9293869;1;206605,96
2023-05-03;CGRA3;BRCGRAACNOR2;CGRA;790;29,095405;1;22985,37
2023-05-03;CGRA4;BRCGRAACNPR9;CGRA;40842;28,0052108;1;1143788,82
2023-05-03;CHCM34;BRCHCMBDR001;CHCM;857;29,4887281;1;25271,84
2023-05-03;CHVX34;BRCHVXBDR008;CHVX;57218;83,7966667;1;4794677,68
2023-05-03;CIEL3;BRCIELACNOR3;CIEL;69986012;5,077661;1;355365250,36
2023-05-03;CLSA3;BRCLSAACNOR0;CLSA;2574216;5,6399765;1;14518517,9
2023-05-03;CLSC3;BRCLSCACNOR6;CLSC;5;48,49;1;242,45
2023-05-03;CLSC4;BRCLSCACNPR3;CLSC;2259;49,4434705;1;111692,8
2023-05-03;CMCS34;BRCMCSBDR008;CMCS;632;37,7573417;1;23862,64
2023-05-03;CMDB11;BRCMDBCTF001;CMDB;5;10,18;1;50,9
2023-05-03;CMIG3;BRCMIGACNOR6;CMIG;6500383;19,039279;1;123762605,86
2023-05-03;CMIG4;BRCMIGACNPR3;CMIG;56459245;12,1686558;1;687033119,3
2023-05-03;CMIN3;BRCMINACNOR2;CMIN;72037472;4,6039004;1;331653347,76
2023-05-03;COCA34;BRCOCABDR002;COCA;175436;52,9358808;1;9286859,19
2023-05-03;COCE5;BRCOCEACNPA3;COCE;25535;48,415718;1;1236295,36
2023-05-03;COGN3;BRCOGNACNOR2;COGN;128307183;1,9109481;1;245188374,7
2023-05-03;COLG34;BRCOLGBDR000;COLG;52;57,8;1;3005,6
2023-05-03;COPH34;BRCOPHBDR009;COPH;27693;43,0566204;1;1192366,99
2023-05-03;CORN11;BRCORNCTF002;CORN;5;8,218;1;41,09
2023-05-03;COWC34;BRCOWCBDR006;COWC;29091;62,3621147;1;1814176,28
2023-05-03;CPFE3;BRCPFEACNOR0;CPFE;7641554;33,0147904;1;252284303,78
2023-05-03;CPFF11;BRCPFFCTF000;CPFF;100;60,69;1;6069
2023-05-03;CPLE11;BRCPLECDAM13;CPLE;6081602;36,7498075;1;223497703,3
2023-05-03;CPLE3;BRCPLEACNOR8;CPLE;6606600;6,8066826;1;44969029,74
2023-05-03;CPLE5;BRCPLEACNPA1;CPLE;1;25,81;1;25,81
2023-05-03;CPLE6;BRCPLEACNPB9;CPLE;31493603;7,7017151;1;242554759,5
2023-05-03;CPTS11;BRCPTSCTF004;CPTS;141971;75,4152448;1;10706777,73
2023-05-03;CRFB3;BRCRFBACNOR2;CRFB;27458820;10,9380756;1;300346650,23
2023-05-03;CRPG5;BRCRPGACNPA3;CRPG;9360;30,5387329;1;285842,54
2023-05-03;CRPG6;BRCRPGACNPB1;CRPG;11;32,5;1;357,5
2023-05-03;CRPT11;BRCRPTCTF006;CRPT;30;6,8426666;1;205,28
2023-05-03;CSAN3;BRCSANACNOR6;CSAN;45037374;15,0560085;1;678083090,13
2023-05-03;CSCO34;BRCSCOBDR004;CSCO;1421;49,9598874;1;70993
2023-05-03;CSED3;BRCSEDACNOR9;CSED;1136399;2,2927856;1;2605519,35
2023-05-03;CSMG3;BRCSMGACNOR5;CSMG;4944091;16,4205874;1;81184878,68
2023-05-03;CSNA3;BRCSNAACNOR6;CSNA;44221985;14,5521104;1;643523212,03
2023-05-03;CSRN3;BRCSRNACNOR0;CSRN;24;24;1;576
2023-05-03;CSUD3;BRCSUDACNOR5;CSUD;82950;10,2812845;1;852832,55
2023-05-03;CTGP34;BRCTGPBDR000;CTGP;7318;39,3532522;1;287987,1
2023-05-03;CTKA4;BRCTKAACNPR7;CTKA;62;7,0540322;1;437,35
2023-05-03;CTNM3;BRCTNMACNOR9;CTNM;1153;11,3979184;1;13141,8
2023-05-03;CTNM4;BRCTNMACNPR6;CTNM;115743;3,123256;1;361495,02
2023-05-03;CTSA3;BRCTSAACNOR3;CTSA;8563;5,9203153;1;50695,66
2023-05-03;CTSA4;BRCTSAACNPR0;CTSA;656;1,4156859;1;928,69
2023-05-03;CURY3;BRCURYACNOR3;CURY;8539780;12,0034251;1;102506610,34
2023-05-03;CVBI11;BRCVBICTF001;CVBI;17833;87,3050883;1;1556911,64
2023-05-03;CVCB3;BRCVCBACNOR1;CVCB;49455776;2,8618518;1;141535105,8
2023-05-03;CVSH34;BRCVSHBDR008;CVSH;409;38,8368215;1;15884,26
2023-05-03;CXSE3;BRCXSEACNOR7;CXSE;5005010;9,5288361;1;47691920,04
2023-05-03;CYRE3;BRCYREACNOR7;CYRE;35925275;15,1854983;1;545543204,23
2023-05-03;D1EX34;BRD1EXBDR004;D1EX;5;11,81;1;59,05
2023-05-03;D1LR34;BRD1LRBDR001;D1LR;398;119,3633417;1;47506,61
2023-05-03;D1OC34;BRD1OCBDR007;D1OC;400;12,17;1;4868
2023-05-03;D1OM34;BRD1OMBDR006;D1OM;10;144,155;1;1441,55
2023-05-03;DASA3;BRDASAACNOR1;DASA;1677038;7,8840581;1;13221865,03
2023-05-03;DEAI34;BRDEAIBDR008;DEAI;33;170,710909;1;5633,46
2023-05-03;DEEC34;BRDEECBDR003;DEEC;83;63,992771;1;5311,4
2023-05-03;DEFI11;BRDEFICTF006;DEFI;29771;20,2127849;1;601754,82
2023-05-03;DESK3;BRDESKACNOR2;DESK;454881;8,1537721;1;3708996,04
2023-05-03;DEVA11;BRDEVACTF000;DEVA;96830;54,3539134;1;5263089,44
2023-05-03;DEXP3;BRDEXPACNOR1;DEXP;394908;8,0438364;1;3176575,36
2023-05-03;DIRR3;BRDIRRACNOR0;DIRR;7921495;15,7563427;1;124813790,13
2023-05-03;DISB34;BRDISBBDR006;DISB;66442;33,1222901;1;2200711,2
2023-05-03;DIVO11;BRDIVOCTF002;DIVO;17967;71,5094027;1;1284809,44
2023-05-03;DMVF3;BRDMVFACNOR9;DMVF;921;3,3382627;1;3074,54
2023-05-03;DNAI11;BRDNAICTF008;DNAI;6;33,0516666;1;198,31
2023-05-03;DOTZ3;BRDOTZACNOR7;DOTZ;44227;0,8211305;1;36316,14
2023-05-03;DXCO3;BRDXCOACNOR8;DXCO;23493441;5,7764038;1;135707604,08
2023-05-03;E1DU34;BRE1DUBDR001;E1DU;2;13,67;1;27,34
2023-05-03;EALT3;BREALTACNOR4;EALT;50;7,478;1;373,9
2023-05-03;EALT4;BREALTACNPR1;EALT;1800;6,9383333;1;12489
2023-05-03;ECOO11;BRECOOCTF008;ECOO;10;87,33;1;873,3
2023-05-03;ECOR3;BRECORACNOR8;ECOR;30096203;5,9216075;1;178217903,59
2023-05-03;EGIE3;BREGIEACNOR9;EGIE;22846328;40,6487695;1;928675122,85
2023-05-03;EKTR4;BREKTRACNPR7;EKTR;1;37,17;1;37,17
2023-05-03;ELAS11;BRELASCTF009;ELAS;102;101,7256862;1;10376,02
2023-05-03;ELET3;BRELETACNOR6;ELET;27515846;33,979509;1;934974939,02
2023-05-03;ELET6;BRELETACNPB7;ELET;15406669;37,7256367;1;581226398,53
2023-05-03;ELMD3;BRELMDACNOR3;ELMD;589112;14,9391256;1;8800818,21
2023-05-03;EMAE4;BREMAEACNPR1;EMAE;295;58,8725423;1;17367,4
2023-05-03;EMBR3;BREMBRACNOR4;EMBR;30759824;20,0240756;1;615937042,02
2023-05-03;ENAT3;BRENATACNOR0;ENAT;8290375;11,7104717;1;97084201,88
2023-05-03;ENBR3;BRENBRACNOR2;ENBR;9003805;22,3085077;1;200861453,87
2023-05-03;ENEV3;BRENEVACNOR8;ENEV;92275222;11,0003217;1;1015057132,51
2023-05-03;ENGI11;BRENGICDAM16;ENGI;15509103;42,4931855;1;659031191,92
2023-05-03;ENGI3;BRENGIACNOR0;ENGI;818;12,7668215;1;10443,26
2023-05-03;ENGI4;BRENGIACNPR7;ENGI;6117;7,0255648;1;42975,38
2023-05-03;ENJU3;BRENJUACNOR9;ENJU;5790883;0,9058651;1;5245758,96
2023-05-03;ENMT3;BRENMTACNOR5;ENMT;17;65,5294117;1;1114
2023-05-03;EPAR3;BREPARACNOR9;EPAR;244;13,94;1;3401,36
2023-05-03;EQIX34;BREQIXBDR002;EQIX;3060;44,5988104;1;136472,36
2023-05-03;EQPA3;BREQPAACNOR1;EQPA;36;6,1011111;1;219,64
2023-05-03;EQTL3;BREQTLACNOR0;EQTL;23663246;27,4950308;1;650621679,18
2023-05-03;ESGB11;BRESGBCTF007;ESGB;7823;85,6442438;1;669994,92
2023-05-03;ESGE11;BRESGECTF001;ESGE;1;6,86;1;6,86
2023-05-03;ESGU11;BRESGUCTF007;ESGU;1808279;7,7581063;1;14028820,83
2023-05-03;ESPA3;BRESPAACNOR7;ESPA;23323793;1,0899758;1;25422370,46
2023-05-03;ESTR4;BRESTRACNPR0;ESTR;18;37,9166666;1;682,5
2023-05-03;ETER3;BRETERACNOR3;ETER;1923262;9,1883718;1;17671646,37
2023-05-03;ETHE11;BRETHECTF007;ETHE;52276;27,598285;1;1442727,95
2023-05-03;EUCA3;BREUCAACNOR1;EUCA;1310;10,4444045;1;13682,17
2023-05-03;EUCA4;BREUCAACNPR8;EUCA;39417;9,2828629;1;365902,61
2023-05-03;EURP11;BREURPCTF018;EURP;412845;10,114269;1;4175625,42
2023-05-03;EVEN3;BREVENACNOR8;EVEN;10666601;4,6632362;1;49740880,07
2023-05-03;EXXO34;BREXXOBDR006;EXXO;44640;69,9743239;1;3123653,82
2023-05-03;EZTC3;BREZTCACNOR0;EZTC;20287855;13,4750271;1;273379397,21
2023-05-03;F1RC34;BRF1RCBDR008;F1RC;600;9,36;1;5616
2023-05-03;F2NV34;BRF2NVBDR005;F2NV;31481;4,2587204;1;134068,78
2023-05-03;FCXO34;BRFCXOBDR007;FCXO;582;66,3406529;1;38610,26
2023-05-03;FDMO34;BRFDMOBDR008;FDMO;67;61,8549253;1;4144,28
2023-05-03;FESA3;BRFESAACNOR8;FESA;1074;57,444134;1;61695
2023-05-03;FESA4;BRFESAACNPR5;FESA;1201312;51,6555905;1;62054480,84
2023-05-03;FHER3;BRFHERACNOR5;FHER;220291;13,4601857;1;2965157,78
2023-05-03;FIND11;BRFINDCTF007;FIND;10881;99,5040336;1;1082703,39
2023-05-03;FIQE3;BRFIQEACNOR5;FIQE;388449;3,4190759;1;1328136,64
2023-05-03;FLRY3;BRFLRYACNOR5;FLRY;27947764;14,5524926;1;406709629,35
2023-05-03;FRAS3;BRFRASACNOR0;FRAS;163059;9,051527;1;1475932,95
2023-05-03;FRIO3;BRFRIOACNOR2;FRIO;5;20;1;100
2023-05-03;FSLR34;BRFSLRBDR001;FSLR;1165;519,6806866;1;605428
2023-05-03;G1AR34;BRG1ARBDR001;G1AR;141;409;1;57669
2023-05-03;G1DS34;BRG1DSBDR003;G1DS;13;7,6;1;98,8
2023-05-03;G1PC34;BRG1PCBDR001;G1PC;5;414,1;1;2070,5
2023-05-03;G2DI33;BRG2DIBDR002;G2DI;21868;1,945513;1;42544,48
2023-05-03;GALG11;BRGALGCTF009;GALG;206;8,4063106;1;1731,7
2023-05-03;GDXB39;BRGDXBBDR000;GDXB;26658;54,4;1;1450195,2
2023-05-03;GEPA4;BRGEPAACNPR9;GEPA;30;25,69;1;770,7
2023-05-03;GFSA3;BRGFSAACNOR3;GFSA;3051507;5,6376404;1;17203299,2
2023-05-03;GGBR3;BRGGBRACNOR1;GGBR;153071;22,2153497;1;3400525,8
2023-05-03;GGBR4;BRGGBRACNPR8;GGBR;69040485;24,9355012;1;1721559099,2
2023-05-03;GGPS3;BRGGPSACNOR9;GGPS;8743319;12,3203484;1;107720737,05
2023-05-03;GGRC11;BRGGRCCTF002;GGRC;1508;102,4816843;1;154542,38
2023-05-03;GMAT3;BRGMATACNOR7;GMAT;34829346;5,5570706;1;193549137,76
2023-05-03;GMCO34;BRGMCOBDR008;GMCO;130;43,4153846;1;5644
2023-05-03;GOAU3;BRGOAUACNOR1;GOAU;330028;10,801216;1;3564703,73
2023-05-03;GOAU4;BRGOAUACNPR8;GOAU;14852338;11,6744908;1;173393483,68
2023-05-03;GOGL34;BRGOGLBDR001;GOGL;299053;43,6516609;1;13054160,15
2023-05-03;GOGL35;BRGOGLBDR019;GOGL;11;43,84;1;482,24
2023-05-03;GOLD11;BRGOLDCTF015;GOLD;10048254;10,6678671;1;107193439,09
2023-05-03;GOLL4;BRGOLLACNPR4;GOLL;17745142;6,4310503;1;114119902,13
2023-05-03;GOVE11;BRGOVECTF004;GOVE;109;44,3098165;1;4829,77
2023-05-03;GPIV33;BRGPIVBDR003;GPIV;25132;2,3087553;1;58023,64
2023-05-03;GPSI34;BRGPSIBDR009;GPSI;8;48,61125;1;388,89
2023-05-03;GRND3;BRGRNDACNOR3;GRND;20276466;7,6309473;1;154728643,77
2023-05-03;GSGI34;BRGSGIBDR008;GSGI;3363;56,5077817;1;190035,67
2023-05-03;GSHP3;BRGSHPACNOR7;GSHP;2336;15,0691352;1;35201,5
2023-05-03;GTWR11;BRGTWRCTF003;GTWR;1619;76,8415997;1;124406,55
2023-05-03;GUAR3;BRGUARACNOR4;GUAR;5117457;4,1982321;1;21484272,75
2023-05-03;GURU11;BRGURUCTF005;GURU;652;8,1706748;1;5327,28
2023-05-03;H1ES34;BRH1ESBDR000;H1ES;2;387,56;1;775,12
2023-05-03;H1OG34;BRH1OGBDR004;H1OG;90;179,5791111;1;16162,12
2023-05-03;H1SB34;BRH1SBBDR006;H1SB;42;44,2;1;1856,4
2023-05-03;HABT11;BRHABTCTF001;HABT;31381;84,1806204;1;2641672,05
2023-05-03;HAGA3;BRHAGAACNOR7;HAGA;100;2,22;1;222
2023-05-03;HAGA4;BRHAGAACNPR4;HAGA;209;0,9552631;1;199,65
2023-05-03;HAPV3;BRHAPVACNOR4;HAPV;185287530;2,5931139;1;480471672,76
2023-05-03;HASH11;BRHASHCTF018;HASH;1032238;24,603388;1;25396552,05
2023-05-03;HBOR3;BRHBORACNOR3;HBOR;3223171;2,1265163;1;6854125,68
2023-05-03;HBRE3;BRHBREACNOR4;HBRE;7125;3,7026301;1;26381,24
2023-05-03;HBSA3;BRHBSAACNOR0;HBSA;10538179;2,3034853;1;24274541,25
2023-05-03;HCTR11;BRHCTRCTF003;HCTR;144730;50,5936852;1;7322424,07
2023-05-03;HETA4;BRHETAACNPR9;HETA;144;4,1528472;1;598,01
2023-05-03;HFOF11;BRHFOFCTF002;HFOF;971;65,9056951;1;63994,43
2023-05-03;HGBS11;BRHGBSCTF000;HGBS;668;192,9373053;1;128882,12
2023-05-03;HGCR11;BRHGCRCTF000;HGCR;11648;102,0435722;1;1188603,53
2023-05-03;HGFF11;BRHGFFCTF008;HGFF;434;72,97;1;31668,98
2023-05-03;HGLG11;BRHGLGCTF004;HGLG;50358;161,5899366;1;8137346,03
2023-05-03;HGRE11;BRHGRECTF006;HGRE;3571;120,1858835;1;429183,79
2023-05-03;HGRU11;BRHGRUCTF002;HGRU;1741;118,3758874;1;206092,42
2023-05-03;HOME34;BRHOMEBDR002;HOME;17418;52,9326535;1;921980,96
2023-05-03;HSAF11;BRHSAFCTF004;HSAF;409;77,5624449;1;31723,04
2023-05-03;HSLG11;BRHSLGCTF009;HSLG;10004;77,137293;1;771681,48
2023-05-03;HSML11;BRHSMLCTF007;HSML;29971;82,6717593;1;2477755,3
2023-05-03;HTEK11;BRHTEKCTF004;HTEK;154;49,1014285;1;7561,62
2023-05-03;HYPE3;BRHYPEACNOR0;HYPE;17858869;37,7769385;1;674653397,26
2023-05-03;I1QV34;BRI1QVBDR007;I1QV;118;251,7862711;1;29710,78
2023-05-03;I1VZ34;BRI1VZBDR008;I1VZ;24;84;1;2016
2023-05-03;I2NV34;BRI2NVBDR002;I2NV;25;32,34;1;808,5
2023-05-03;IBMB34;BRIBMBBDR003;IBMB;110;651,1036363;1;71621,4
2023-05-03;IBOB11;BRIBOBCTF008;IBOB;777;83,8495624;1;65151,11
2023-05-03;IFCM3;BRIFCMACNOR8;IFCM;2648182;1,3630566;1;3609622,18
2023-05-03;IGBR3;BRIGBRACNOR7;IGBR;547;100,3218647;1;54876,06
2023-05-03;IGTI11;BRIGTICDAM16;IGTI;18005912;19,6817112;1;354387160,48
2023-05-03;IGTI3;BRIGTIACNOR8;IGTI;673930;2,4526792;1;1652934,15
2023-05-03;IGTI4;BRIGTIACNPR5;IGTI;10522;8,2450076;1;86753,97
2023-05-03;INBR32;BRINBRBDR007;INBR;3567220;8,4698423;1;30213791,07
2023-05-03;INEP3;BRINEPACNOR1;INEP;2146334;1,0427937;1;2238183,69
2023-05-03;INEP4;BRINEPACNPR8;INEP;1420635;0,8063535;1;1145534,14
2023-05-03;INTB3;BRINTBACNOR9;INTB;10722734;22,8955142;1;245502508,95
2023-05-03;INTU34;BRINTUBDR003;INTU;1248;48,9328926;1;61068,25
2023-05-03;IRBR3;BRIRBRACNOR4;IRBR;13959317;26,22258;1;366049307,26
2023-05-03;IRDM11;BRIRDMCTF004;IRDM;146001;79,7771192;1;11647539,19
2023-05-03;ISUS11;BRISUSCTF003;ISUS;95;29,5761052;1;2809,73
2023-05-03;ITLC34;BRITLCBDR005;ITLC;601;26,2207653;1;15758,68
2023-05-03;ITSA3;BRITSAACNOR0;ITSA;459114;8,5935282;1;3945409,13
2023-05-03;ITSA4;BRITSAACNPR7;ITSA;132514024;8,4487194;1;1119573811,38
2023-05-03;ITUB3;BRITUBACNOR4;ITUB;1773373;21,4718459;1;38077591,86
2023-05-03;ITUB4;BRITUBACNPR1;ITUB;204860760;25,4276319;1;5209124003,64
2023-05-03;IVVB11;BRIVVBCTF001;IVVB;1948487;228,0034041;1;444261668,92
2023-05-03;JALL3;BRJALLACNOR0;JALL;1795317;7,4863648;1;13440398,08
2023-05-03;JBSS3;BRJBSSACNOR8;JBSS;59367909;17,140414;1;1017590541,13
2023-05-03;JFEN3;BRJFENACNOR0;JFEN;13497;2,7089464;1;36562,65
2023-05-03;JHSF3;BRJHSFACNOR2;JHSF;11182117;3,8652333;1;43221492,03
2023-05-03;JNJB34;BRJNJBBDR002;JNJB;140062;54,0531695;1;7570795,03
2023-05-03;JOGO11;BRJOGOCTF008;JOGO;27194;64,0477237;1;1741713,8
2023-05-03;JPMC34;BRJPMCBDR009;JPMC;90593;68,9582514;1;6247134,87
2023-05-03;JSLG3;BRJSLGACNOR2;JSLG;1020246;7,1427237;1;7287335,34
2023-05-03;JSRE11;BRJSRECTF007;JSRE;571;63,846112;1;36456,13
2023-05-03;K1EY34;BRK1EYBDR003;K1EY;1;57,62;1;57,62
2023-05-03;K1IM34;BRK1IMBDR009;K1IM;34;95,3844117;1;3243,07
2023-05-03;K1RC34;BRK1RCBDR001;K1RC;1;256,4;1;256,4
2023-05-03;KEPL3;BRKEPLACNOR1;KEPL;1534879;8,0882587;1;12414498,51
2023-05-03;KFOF11;BRKFOFCTF006;KFOF;677;77,46;1;52440,42
2023-05-03;KHCB34;BRKHCBBDR007;KHCB;6668;49,4351724;1;329633,73
2023-05-03;KISU11;BRKISUCTF000;KISU;2476;7,753336;1;19197,26
2023-05-03;KLBN11;BRKLBNCDAM18;KLBN;61231444;18,6371648;1;1141180514,48
2023-05-03;KLBN3;BRKLBNACNOR2;KLBN;249314;3,703938;1;923443,62
2023-05-03;KLBN4;BRKLBNACNPR9;KLBN;1899743;3,6652883;1;6963105,91
2023-05-03;KMIC34;BRKMICBDR002;KMIC;41;88,5;1;3628,5
2023-05-03;KNCR11;BRKNCRCTF000;KNCR;198607;97,2647322;1;19317456,68
2023-05-03;KNHY11;BRKNHYCTF005;KNHY;896;98,862366;1;88580,68
2023-05-03;KNIP11;BRKNIPCTF001;KNIP;157595;90,4337289;1;14251903,52
2023-05-03;KNRI11;BRKNRICTF007;KNRI;3691;141,6301788;1;522756,99
2023-05-03;KNSC11;BRKNSCCTF008;KNSC;242;85,478719;1;20685,85
2023-05-03;KRSA3;BRKRSAACNOR0;KRSA;950341;0,9510542;1;903825,89
2023-05-03;L1EG34;BRL1EGBDR009;L1EG;52;160,6542307;1;8354,02
2023-05-03;L1EN34;BRL1ENBDR005;L1EN;96;544,48375;1;52270,44
2023-05-03;L1YG34;BRL1YGBDR007;L1YG;35;12,0871428;1;423,05
2023-05-03;LAND3;BRLANDACNOR9;LAND;79612;27,4636995;1;2186440,05
2023-05-03;LAVV3;BRLAVVACNOR4;LAVV;1608616;5,2206941;1;8398092,11
2023-05-03;LBRD34;BRLBRDBDR002;LBRD;24;34,69;1;832,56
2023-05-03;LEVE3;BRLEVEACNOR2;LEVE;3038273;30,3775269;1;92295219,92
2023-05-03;LGCP11;BRLGCPCTF006;LGCP;1;73;1;73
2023-05-03;LIGT3;BRLIGTACNOR2;LIGT;32364876;2,398154;1;77615956,94
2023-05-03;LJQQ3;BRLJQQACNOR5;LJQQ;12378885;3,8664149;1;47861906,27
2023-05-03;LMTB34;BRLMTBBDR009;LMTB;1;2473,9;1;2473,9
2023-05-03;LOGG3;BRLOGGACNOR7;LOGG;4118928;15,8554358;1;65307398,63
2023-05-03;LOGN3;BRLOGNACNOR3;LOGN;430517;38,8636558;1;16731464,54
2023-05-03;LPSB3;BRLPSBACNOR0;LPSB;898108;1,5742734;1;1413867,58
2023-05-03;LREN3;BRLRENACNOR1;LREN;45959889;15,4794014;1;711431574,57
2023-05-03;LUPA3;BRLUPAACNOR8;LUPA;1004026;3,6100142;1;3624548,18
2023-05-03;LVBI11;BRLVBICTF002;LVBI;55;98,0203636;1;5391,12
2023-05-03;LVTC3;BRLVTCACNOR4;LVTC;566530;5,4956035;1;3113424,29
2023-05-03;LWSA3;BRLWSAACNOR8;LWSA;34365408;5,2342884;1;179878457,34
2023-05-03;M1DB34;BRM1DBBDR001;M1DB;21;57,49;1;1207,29
2023-05-03;M1MC34;BRM1MCBDR000;M1MC;14;418,0057142;1;5852,08
2023-05-03;M1RN34;BRM1RNBDR006;M1RN;55098;36,2176745;1;1995521,43
2023-05-03;M1SC34;BRM1SCBDR007;M1SC;3365;58,0765438;1;195427,57
2023-05-03;M1TA34;BRM1TABDR009;M1TA;341155;39,0181928;1;13311251,58
2023-05-03;M2PW34;BRM2PWBDR009;M2PW;35;20,81;1;728,35
2023-05-03;MACY34;BRMACYBDR000;MACY;3607;85,458392;1;308248,42
2023-05-03;MALL11;BRMALLCTF007;MALL;3213;99,3735169;1;319287,11
2023-05-03;MATB11;BRMATBCTF001;MATB;640;49,9309375;1;31955,8
2023-05-03;MATD3;BRMATDACNOR4;MATD;3000185;7,9353967;1;23807658,2
2023-05-03;MBLY3;BRMBLYACNOR5;MBLY;3108866;1,9041719;1;5919815,45
2023-05-03;MCCI11;BRMCCICTF008;MCCI;41191;85,8897387;1;3537884,23
2023-05-03;MCDC34;BRMCDCBDR000;MCDC;3558;72,2164165;1;256946,01
2023-05-03;MCHF11;BRMCHFCTF003;MCHF;23765;8,3561577;1;198584,09
2023-05-03;MDIA3;BRMDIAACNOR7;MDIA;8896778;27,8553746;1;247823084,09
2023-05-03;MDNE3;BRMDNEACNOR9;MDNE;215547;5,3142149;1;1145463,1
2023-05-03;MEAL3;BRMEALACNOR9;MEAL;1632724;1,9766068;1;3227253,42
2023-05-03;MEGA3;BRMEGAACNOR9;MEGA;4196260;8,8797129;1;37261584,41
2023-05-03;MELI34;BRMELIBDR006;MELI;2797561;53,1367474;1;148653292,45
2023-05-03;MELK3;BRMELKACNOR8;MELK;371722;3,1669029;1;1177207,48
2023-05-03;MGEL4;BRMGELACNPR3;MGEL;89;12,9196629;1;1149,85
2023-05-03;MGFF11;BRMGFFCTF008;MGFF;625;54,891632;1;34307,27
2023-05-03;MGLU3;BRMGLUACNOR2;MGLU;208262530;3,3799384;1;703914536,88
2023-05-03;MILS3;BRMILSACNOR2;MILS;2688294;9,1654662;1;24639468,06
2023-05-03;MLAS3;BRMLASACNOR9;MLAS;28027263;1,7248463;1;48342721,01
2023-05-03;MMMC34;BRMMMCBDR000;MMMC;30;131,759;1;3952,77
2023-05-03;MNDL3;BRMNDLACNOR4;MNDL;118;49,9648305;1;5895,85
2023-05-03;MNPR3;BRMNPRACNOR5;MNPR;2405;8,964079;1;21558,61
2023-05-03;MOAR3;BRMOARACNOR5;MOAR;2700;371,0233333;1;1001763
2023-05-03;MODL3;BRMODLACNOR2;MODL;3645827;1,7859391;1;6511225,14
2023-05-03;MOOO34;BRMOOOBDR007;MOOO;50;234,5398;1;11726,99
2023-05-03;MORC11;BRMORCCTF004;MORC;300;88,2264333;1;26467,93
2023-05-03;MOSC34;BRMOSCBDR003;MOSC;69;36,23;1;2499,87
2023-05-03;MOVI3;BRMOVIACNOR0;MOVI;26269031;8,1160376;1;213200443,32
2023-05-03;MRCK34;BRMRCKBDR003;MRCK;387;73,3544444;1;28388,17
2023-05-03;MRFG3;BRMRFGACNOR0;MRFG;53831184;6,3262164;1;340547720,7
2023-05-03;MRVE3;BRMRVEACNOR2;MRVE;60049107;6,7998058;1;408322270,14
2023-05-03;MSCD34;BRMSCDBDR006;MSCD;4927;58,9360807;1;290378,07
2023-05-03;MSFT34;BRMSFTBDR005;MSFT;828021;60,1684266;1;49820720,81
2023-05-03;MTRE3;BRMTREACNOR6;MTRE;1081134;3,5071556;1;3791705,2
2023-05-03;MTSA4;BRMTSAACNPR9;MTSA;44;40,68;1;1789,92
2023-05-03;MULT3;BRMULTACNOR5;MULT;26894821;25,0957061;1;674944524,53
2023-05-03;MUTC34;BRMUTCBDR008;MUTC;282;50,6598581;1;14286,08
2023-05-03;MWET4;BRMWETACNPR3;MWET;363;9,7839944;1;3551,59
2023-05-03;MXRF11;BRMXRFCTF008;MXRF;1293006;10,360176;1;13395769,73
2023-05-03;MYPK3;BRMYPKACNOR7;MYPK;7807039;11,5566642;1;90223328,34
2023-05-03;N1EM34;BRN1EMBDR005;N1EM;4342;247,4896015;1;1074599,85
2023-05-03;N1OW34;BRN1OWBDR003;N1OW;19;47,55;1;903,45
2023-05-03;N1RG34;BRN1RGBDR009;N1RG;2;178,38;1;356,76
2023-05-03;NASD11;BRNASDCTF007;NASD;2575742;9,0848742;1;23400292,11
2023-05-03;NCHB11;BRNCHBCTF000;NCHB;1413;78,3278131;1;110677,2
2023-05-03;NEOE3;BRNEOEACNOR3;NEOE;7284318;15,2740897;1;111261326,64
2023-05-03;NEXP3;BRNEXPACNOR0;NEXP;26265;3,8784359;1;101867,12
2023-05-03;NEXT34;BRNEXTBDR006;NEXT;1010;97,5760396;1;98551,8
2023-05-03;NFLX34;BRNFLXBDR000;NFLX;103146;33,0818912;1;3412264,75
2023-05-03;NGRD3;BRNGRDACNOR3;NGRD;4379007;1,2525548;1;5484946,29
2023-05-03;NIKE34;BRNIKEBDR006;NIKE;1253;62,3711652;1;78151,07
2023-05-03;NINJ3;BRNINJACNOR5;NINJ;499947;2,498508;1;1249121,62
2023-05-03;NORD3;BRNORDACNOR7;NORD;4;4,85;1;19,4
2023-05-03;NSLU11;BRNSLUCTF008;NSLU;1;165,57;1;165,57
2023-05-03;NTCO3;BRNTCOACNOR5;NTCO;62587121;11,1700075;1;699098617,01
2023-05-03;NUBR33;BRNUBRBDR002;NUBR;6734915;3,9933408;1;26894811,3
2023-05-03;NVDC34;BRNVDCBDR008;NVDC;432971;27,8164168;1;12043701,8
2023-05-03;ODPV3;BRODPVACNOR4;ODPV;9687370;10,5779031;1;102472062,05
2023-05-03;OFSA3;BROFSAACNOR7;OFSA;4596;25,1469647;1;115575,45
2023-05-03;OIBR3;BROIBRACNOR1;OIBR;38120831;1,0730043;1;40903817,11
2023-05-03;OIBR4;BROIBRACNPR8;OIBR;615404;2,4614198;1;1514767,6
2023-05-03;ONCO3;BRONCOACNOR6;ONCO;4260462;8,3810366;1;35707088,3
2023-05-03;OPCT3;BROPCTACNOR0;OPCT;1133783;2,8327169;1;3211686,32
2023-05-03;ORCL34;BRORCLBDR007;ORCL;222;78,6905405;1;17469,3
2023-05-03;ORVR3;BRORVRACNOR0;ORVR;1355477;35,9891179;1;48782421,67
2023-05-03;OUJP11;BROUJPCTF006;OUJP;15030;91,9364158;1;1381804,33
2023-05-03;OXYP34;BROXYPBDR000;OXYP;21352;51,9437565;1;1109103,09
2023-05-03;P1IO34;BRP1IOBDR000;P1IO;2;262,31;1;524,62
2023-05-03;P1SX34;BRP1SXBDR000;P1SX;9;245,2422222;1;2207,18
2023-05-03;P2AN34;BRP2ANBDR007;P2AN;1814;16,2166758;1;29417,05
2023-05-03;P2LT34;BRP2LTBDR001;P2LT;4858;14,0383985;1;68198,54
2023-05-03;PAGS34;BRPAGSBDR006;PAGS;30967;8,6403484;1;267565,67
2023-05-03;PATL11;BRPATLCTF003;PATL;185;61,6874594;1;11412,18
2023-05-03;PCAR3;BRPCARACNOR3;PCAR;22046056;14,8907489;1;328282284,9
2023-05-03;PDGR3;BRPDGRACNOR8;PDGR;169627;4,0570814;1;688190,56
2023-05-03;PDTC3;BRPDTCACNOR3;PDTC;45253;2,1186053;1;95873,25
2023-05-03;PEAB4;BRPEABACNPR0;PEAB;1;61,99;1;61,99
2023-05-03;PEPB34;BRPEPBBDR005;PEPB;77;64,1863636;1;4942,35
2023-05-03;PETR3;BRPETRACNOR9;PETR;76269472;28,4644998;1;2170972373,41
2023-05-03;PETR4;BRPETRACNPR6;PETR;349466140;25,8769344;1;9043112411,21
2023-05-03;PETZ3;BRPETZACNOR2;PETZ;58643691;6,063803;1;355603790,88
2023-05-03;PFIN11;BRPFINCTF001;PFIN;74;62,0775675;1;4593,74
2023-05-03;PFIZ34;BRPFIZBDR006;PFIZ;8834;51,1265949;1;451652,34
2023-05-03;PFRM3;BRPFRMACNOR1;PFRM;362258;3,0765404;1;1114501,4
2023-05-03;PGCO34;BRPGCOBDR001;PGCO;7679;54,386812;1;417636,33
2023-05-03;PGMN3;BRPGMNACNOR8;PGMN;1062748;2,9627587;1;3148665,98
2023-05-03;PIBB11;BRPIBBCTF005;PIBB;5460;179,3181446;1;979077,07
2023-05-03;PINE4;BRPINEACNPR8;PINE;244450;1,5835468;1;387098,02
2023-05-03;PLAS3;BRPLASACNOR2;PLAS;67;8,5137313;1;570,42
2023-05-03;PLCR11;BRPLCRCTF003;PLCR;983;83,36;1;81942,88
2023-05-03;PLPL3;BRPLPLACNOR5;PLPL;619359;5,9068049;1;3658432,79
2023-05-03;PMAM3;BRPMAMACNOR3;PMAM;477410;3,638519;1;1737065,39
2023-05-03;PNVL3;BRPNVLACNOR9;PNVL;1013722;9,7143199;1;9847619,89
2023-05-03;POMO3;BRPOMOACNOR0;POMO;90507;2,6143163;1;236613,93
2023-05-03;POMO4;BRPOMOACNPR7;POMO;12539575;3,3753903;1;42325960,3
2023-05-03;PORT3;BRPORTACNOR8;PORT;383276;9,9955198;1;3831042,86
2023-05-03;POSI3;BRPOSIACNOR9;POSI;4144641;7,428736;1;30789443,85
2023-05-03;PPLA11;BRPPLAUNT007;PPLA;6;3,875;1;23,25
2023-05-03;PRIO3;BRPRIOACNOR1;PRIO;116813795;34,0666206;1;3979451241,59
2023-05-03;PRNR3;BRPRNRACNOR4;PRNR;113591;7,828386;1;889234,2
2023-05-03;PSSA3;BRPSSAACNOR7;PSSA;4295286;24,1789036;1;103855306,2
2023-05-03;PTBL3;BRPTBLACNOR8;PTBL;850350;6,0191302;1;5118367,44
2023-05-03;PTNT3;BRPTNTACNOR6;PTNT;23;8,1782608;1;188,1
2023-05-03;PTNT4;BRPTNTACNPR3;PTNT;20;5,4615;1;109,23
2023-05-03;PVBI11;BRPVBICTF003;PVBI;40551;91,1281275;1;3695336,7
2023-05-03;PYPL34;BRPYPLBDR002;PYPL;9392;18,8534827;1;177071,91
2023-05-03;QAGR11;BRQAGRCTF005;QAGR;104;42,2146153;1;4390,32
2023-05-03;QBTC11;BRQBTCCTF008;QBTC;24564;9,1174112;1;223960,09
2023-05-03;QCOM34;BRQCOMBDR007;QCOM;11356;49,8231225;1;565791,38
2023-05-03;QDFI11;BRQDFICTF000;QDFI;49;3,2285714;1;158,2
2023-05-03;QETH11;BRQETHCTF001;QETH;7336;6,7992202;1;49879,08
2023-05-03;QUAL3;BRQUALACNOR6;QUAL;18368239;3,7988976;1;69779059,92
2023-05-03;R1IN34;BRR1INBDR000;R1IN;1731;155,6097227;1;269360,43
2023-05-03;RADL3;BRRADLACNOR0;RADL;71055283;25,4442124;1;1807945714,36
2023-05-03;RAIL3;BRRAILACNOR9;RAIL;21429805;19,3497083;1;414660477,42
2023-05-03;RAIZ4;BRRAIZACNPR6;RAIZ;63306957;2,9820209;1;188782671,56
2023-05-03;RANI3;BRRANIACNOR5;RANI;1011883;8,593228;1;8695341,34
2023-05-03;RAPT3;BRRAPTACNOR7;RAPT;480;6,990625;1;3355,5
2023-05-03;RAPT4;BRRAPTACNPR4;RAPT;7062675;7,7776441;1;54930973,01
2023-05-03;RBHG11;BRRBHGCTF002;RBHG;38;82,05;1;3117,9
2023-05-03;RBRF11;BRRBRFCTF003;RBRF;9211;64,9986114;1;598702,21
2023-05-03;RBRP11;BRRBRPCTF002;RBRP;2711;47,7276097;1;129389,55
2023-05-03;RBRR11;BRRBRRCTF008;RBRR;12955;87,1484322;1;1129007,94
2023-05-03;RBRY11;BRRBRYCTF004;RBRY;105;92,7173333;1;9735,32
2023-05-03;RBVA11;BRRBVACTF006;RBVA;3165;94,21;1;298174,65
2023-05-03;RCRB11;BRRCRBCTF000;RCRB;278;111,8525179;1;31095
2023-05-03;RCSL3;BRRCSLACNOR4;RCSL;251954;3,7348785;1;941017,6
2023-05-03;RCSL4;BRRCSLACNPR1;RCSL;211843;0,8880806;1;188133,67
2023-05-03;RDNI3;BRRDNIACNOR9;RDNI;683;5,5896778;1;3817,75
2023-05-03;RDOR3;BRRDORACNOR8;RDOR;43620983;22,322488;1;973728871,08
2023-05-03;RECR11;BRRECRCTF004;RECR;96222;78,3174577;1;7535862,42
2023-05-03;RECT11;BRRECTCTF000;RECT;559;50,1854025;1;28053,64
2023-05-03;RECV3;BRRECVACNOR3;RECV;5083968;20,4009857;1;103717958,68
2023-05-03;REDE3;BRREDEACNOR7;REDE;12;5,15;1;61,8
2023-05-03;RELG11;BRRELGCTF008;RELG;355;47,2776056;1;16783,55
2023-05-03;RENT3;BRRENTACNOR4;RENT;51455412;55,9482836;1;2878841988,43
2023-05-03;RIGG34;BRRIGGBDR000;RIGG;9264;32,4865079;1;300955,01
2023-05-03;RNEW11;BRRNEWCDAM15;RNEW;19311;4,9105571;1;94827,77
2023-05-03;RNEW3;BRRNEWACNOR8;RNEW;753;1,611567;1;1213,51
2023-05-03;RNEW4;BRRNEWACNPR5;RNEW;41658;1,6578606;1;69063,16
2023-05-03;ROMI3;BRROMIACNOR8;ROMI;1537131;15,239791;1;23425555,19
2023-05-03;RPAD5;BRRPADACNPA4;RPAD;13;6,95;1;90,35
2023-05-03;RPAD6;BRRPADACNPB2;RPAD;18;6,53;1;117,54
2023-05-03;RPMG3;BRRPMGACNOR9;RPMG;9809;1,6177908;1;15868,91
2023-05-03;RRRP3;BRRRRPACNOR5;RRRP;38425026;28,6557547;1;1101098122,07
2023-05-03;RSID3;BRRSIDACNOR8;RSID;74924;2,7321142;1;204700,93
2023-05-03;RSUL4;BRRSULACNPR3;RSUL;200;67,83;1;13566
2023-05-03;RZAK11;BRRZAKCTF008;RZAK;26698;89,8837823;1;2399717,22
2023-05-03;RZAT11;BRRZATCTF009;RZAT;46;85,2580434;1;3921,87
2023-05-03;RZTR11;BRRZTRCTF003;RZTR;4;83,9925;1;335,97
2023-05-03;S1BS34;BRS1BSBDR003;S1BS;4385;22,2732976;1;97668,41
2023-05-03;S1LG34;BRS1LGBDR007;S1LG;108;56,2719444;1;6077,37
2023-05-03;S1MF34;BRS1MFBDR007;S1MF;66;41,7742424;1;2757,1
2023-05-03;S1NP34;BRS1NPBDR004;S1NP;6;476,02;1;2856,12
2023-05-03;S1PO34;BRS1POBDR002;S1PO;889;170,2620922;1;151363
2023-05-03;S2HO34;BRS2HOBDR007;S2HO;189341;1,9825066;1;375369,79
2023-05-03;S2NW34;BRS2NWBDR008;S2NW;3088;18,3082156;1;56535,77
2023-05-03;S2QU34;BRS2QUBDR005;S2QU;200;12,74;1;2548
2023-05-03;S2UI34;BRS2UIBDR002;S2UI;18;34,47;1;620,46
2023-05-03;SADI11;BRSADICTF007;SADI;30;83,19;1;2495,7
2023-05-03;SANB11;BRSANBCDAM13;SANB;27328082;26,7287138;1;730444483,85
2023-05-03;SANB3;BRSANBACNOR8;SANB;3560775;12,5481535;1;44681151,5
2023-05-03;SANB4;BRSANBACNPR5;SANB;3458152;14,3094064;1;49484102,37
2023-05-03;SAPP34;BRSAPPBDR007;SAPP;17;657,1247058;1;11171,12
2023-05-03;SAPR11;BRSAPRCDAM13;SAPR;7203995;18,8101222;1;135508026,54
2023-05-03;SAPR3;BRSAPRACNOR9;SAPR;244032;3,6316232;1;886232,28
2023-05-03;SAPR4;BRSAPRACNPR6;SAPR;2090962;3,7762224;1;7895937,75
2023-05-03;SARE11;BRSARECTF006;SARE;44;56,2479545;1;2474,91
2023-05-03;SBFG3;BRSBFGACNOR1;SBFG;9704426;7,6783061;1;74513553,37
2023-05-03;SBSP3;BRSBSPACNOR5;SBSP;14664839;48,0741464;1;704999617,39
2023-05-03;SBUB34;BRSBUBBDR005;SBUB;390;566,6285641;1;220985,14
2023-05-03;SCAR3;BRSCARACNOR7;SCAR;5970;16,0970536;1;96099,41
2023-05-03;SCHW34;BRSCHWBDR006;SCHW;250;31,31;1;7827,5
2023-05-03;SCVB11;BRSCVBCTF000;SCVB;4782;76,4534838;1;365600,56
2023-05-03;SDIL11;BRSDILCTF004;SDIL;17;87,7529411;1;1491,8
2023-05-03;SEER3;BRSEERACNOR5;SEER;1840667;3,0938152;1;5694683,61
2023-05-03;SEQL3;BRSEQLACNOR2;SEQL;22186930;1,7284779;1;38349618,68
2023-05-03;SGPS3;BRSGPSACNOR4;SGPS;487983;1,2902975;1;629643,28
2023-05-03;SHOT11;BRSHOTCTF006;SHOT;183;13,6848633;1;2504,33
2023-05-03;SHOW3;BRSHOWACNOR7;SHOW;437582;1,5801383;1;691440,1
2023-05-03;SHUL4;BRSHULACNPR4;SHUL;2159850;4,263952;1;9209496,88
2023-05-03;SIMH3;BRSIMHACNOR0;SIMH;20356665;7,6037278;1;154786541,21
2023-05-03;SLBG34;BRSLBGBDR003;SLBG;142;116,69;1;16569,98
2023-05-03;SLCE3;BRSLCEACNOR2;SLCE;5653260;44,3568689;1;250760912,9
2023-05-03;SLED3;BRSLEDACNOR0;SLED;1759;7,1901762;1;12647,52
2023-05-03;SLED4;BRSLEDACNPR7;SLED;4386;0,9942818;1;4360,92
2023-05-03;SMAB11;BRSMABCTF003;SMAB;38;6,5489473;1;248,86
2023-05-03;SMAC11;BRSMACCTF001;SMAC;2390;45,1608284;1;107934,38
2023-05-03;SMAL11;BRSMALCTF002;SMAL;1942998;88,3292224;1;171623502,64
2023-05-03;SMFT3;BRSMFTACNOR1;SMFT;12439398;14,3697188;1;178750652,04
2023-05-03;SMTO3;BRSMTOACNOR3;SMTO;14271000;29,0691578;1;414845951,54
2023-05-03;SNFF11;BRSNFFCTF001;SNFF;13;82,7138461;1;1075,28
2023-05-03;SNSY3;BRSNSYACNOR2;SNSY;23;4,39;1;100,97
2023-05-03;SNSY5;BRSNSYACNPA5;SNSY;5;2,6;1;13
2023-05-03;SOJA3;BRSOJAACNOR9;SOJA;401819;11,7613541;1;4725935,56
2023-05-03;SOMA3;BRSOMAACNOR3;SOMA;23719822;8,0270115;1;190399285,47
2023-05-03;SPXB11;BRSPXBCTF008;SPXB;7879;8,9756923;1;70719,48
2023-05-03;SPXI11;BRSPXICTF003;SPXI;148839;222,2580601;1;33080667,42
2023-05-03;SQIA3;BRSQIAACNOR6;SQIA;5457505;15,5687521;1;84966542,91
2023-05-03;SSFO34;BRSSFOBDR003;SSFO;236;44,5245338;1;10507,79
2023-05-03;STBP3;BRSTBPACNOR3;STBP;6696534;8,4931666;1;56874779,27
2023-05-03;STMN34;BRSTMNBDR009;STMN;2;252,925;1;505,85
2023-05-03;STOC31;BRSTOCBDR008;STOC;15389;54,4325505;1;837662,52
2023-05-03;SUZB3;BRSUZBACNOR0;SUZB;29932004;40,7119168;1;1218589256,88
2023-05-03;SYNE3;BRSYNEACNOR2;SYNE;1654860;3,104994;1;5138330,47
2023-05-03;T1AL34;BRT1ALBDR009;T1AL;809;2,68;1;2168,12
2023-05-03;T1SS34;BRT1SSBDR006;T1SS;2103;73,0680789;1;153662,17
2023-05-03;TAEE11;BRTAEECDAM10;TAEE;31975208;35,115304;1;1122819150,08
2023-05-03;TAEE3;BRTAEEACNOR9;TAEE;58831;11,5591892;1;680038,66
2023-05-03;TAEE4;BRTAEEACNPR6;TAEE;115988;11,5532055;1;1340033,2
2023-05-03;TASA3;BRTASAACNOR7;TASA;31807;16,4670679;1;523768,03
2023-05-03;TASA4;BRTASAACNPR4;TASA;3731010;16,5237937;1;61650439,76
2023-05-03;TCSA3;BRTCSAACNOR3;TCSA;1708294;2,7698375;1;4731696,89
2023-05-03;TECB11;BRTECBCTF004;TECB;3;13,4;1;40,2
2023-05-03;TECK11;BRTECKCTF005;TECK;2925;39,0249538;1;114147,99
2023-05-03;TECN3;BRTECNACNOR6;TECN;603601;2,8667228;1;1730356,79
2023-05-03;TEKA4;BRTEKAACNPR3;TEKA;101;19,1156435;1;1930,68
2023-05-03;TELB4;BRTELBACNPR9;TELB;5422;10,7142899;1;58092,88
2023-05-03;TEND3;BRTENDACNOR4;TEND;7113608;5,0246048;1;35743069,43
2023-05-03;TEPP11;BRTEPPCTF006;TEPP;171;71,2777777;1;12188,5
2023-05-03;TFCO4;BRTFCOACNPR8;TFCO;294479;10,3476269;1;3047158,85
2023-05-03;TGAR11;BRTGARCTF009;TGAR;28881;110,7953017;1;3199879,11
2023-05-03;TGMA3;BRTGMAACNOR7;TGMA;139704;18,2812028;1;2553957,16
2023-05-03;TIMS3;BRTIMSACNOR5;TIMS;38614905;13,4748995;1;520331967,08
2023-05-03;TMCO34;BRTMCOBDR001;TMCO;268;42,4723134;1;11382,58
2023-05-03;TORD11;BRTORDCTF015;TORD;27800;3,7938223;1;105468,26
2023-05-03;TOTS3;BRTOTSACNOR8;TOTS;17628611;27,0955205;1;477656391,9
2023-05-03;TPIS3;BRTPISACNOR8;TPIS;491751;3,2887834;1;1617262,53
2023-05-03;TRAD3;BRTRADACNOR3;TRAD;6653528;0,9507368;1;6325753,98
2023-05-03;TRIG11;BRTRIGCTF010;TRIG;1004;31,0133466;1;31137,4
2023-05-03;TRIS3;BRTRISACNOR4;TRIS;7748226;3,2241488;1;24981433,78
2023-05-03;TRPL3;BRTRPLACNOR4;TRPL;1502;29,0445539;1;43624,92
2023-05-03;TRPL4;BRTRPLACNPR1;TRPL;29345200;22,3032614;1;654493668,36
2023-05-03;TRVC34;BRTRVCBDR005;TRVC;74;28,0186486;1;2073,38
2023-05-03;TRXF11;BRTRXFCTF003;TRXF;7084;103,9847741;1;736628,14
2023-05-03;TSLA34;BRTSLABDR008;TSLA;846034;26,6334704;1;22532821,57
2023-05-03;TSMC34;BRTSMCBDR002;TSMC;2308;53,741876;1;124036,25
2023-05-03;TTEN3;BRTTENACNOR0;TTEN;3241685;12,0010272;1;38903549,97
2023-05-03;TUPY3;BRTUPYACNOR1;TUPY;4748842;22,9823593;1;109139593,51
2023-05-03;TXRX4;BRTXRXACNPR0;TXRX;43;2,7939534;1;120,14
2023-05-03;TXSA34;BRTXSABDR003;TXSA;2208;208,7088768;1;460829,2
2023-05-03;U1BE34;BRU1BEBDR009;U1BE;591;38,436582;1;22716,02
2023-05-03;U2ST34;BRU2STBDR009;U2ST;15038;7,3101921;1;109930,67
2023-05-03;UCAS3;BRUCASACNOR1;UCAS;7503;2,3769652;1;17834,37
2023-05-03;UGPA3;BRUGPAACNOR8;UGPA;104297531;14,3017117;1;1491633225,55
2023-05-03;UNHH34;BRUNHHBDR000;UNHH;667;35,5012743;1;23679,35
2023-05-03;UNIP3;BRUNIPACNOR7;UNIP;26428;66,9551971;1;1769491,95
2023-05-03;UNIP5;BRUNIPACNPA0;UNIP;3425;85,1728437;1;291716,99
2023-05-03;UNIP6;BRUNIPACNPB8;UNIP;1731867;70,1631622;1;121513265,24
2023-05-03;URET11;BRURETCTF002;URET;22711;8,2274241;1;186853,03
2023-05-03;URPR11;BRURPRCTF002;URPR;4727;89,7711889;1;424348,41
2023-05-03;USAL11;BRUSALCTF005;USAL;1914368;8,6284162;1;16517963,9
2023-05-03;USIM3;BRUSIMACNOR3;USIM;1657216;7,3316224;1;12150081,96
2023-05-03;USIM5;BRUSIMACNPA6;USIM;68876184;7,1617103;1;493271277,76
2023-05-03;USTK11;BRUSTKCTF007;USTK;179750;8,5738141;1;1541143,09
2023-05-03;UTEC11;BRUTECCTF004;UTEC;240755;11,3161958;1;2724430,72
2023-05-03;VALE3;BRVALEACNOR0;VALE;192710394;75,1486146;1;14481919144,38
2023-05-03;VAMO3;BRVAMOACNOR7;VAMO;13576913;13,0713034;1;177467949,46
2023-05-03;VBBR3;BRVBBRACNOR1;VBBR;28226585;13,486874;1;380688395,44
2023-05-03;VCJR11;BRVCJRCTF005;VCJR;2;87,95;1;175,9
2023-05-03;VERZ34;BRVERZBDR008;VERZ;8012;31,6098315;1;253257,97
2023-05-03;VGHF11;BRVGHFCTF005;VGHF;67553;8,8810701;1;599942,93
2023-05-03;VGIP11;BRVGIPCTF002;VGIP;10746;79,0276921;1;849231,58
2023-05-03;VGIR11;BRVGIRCTF008;VGIR;10368;9,3789033;1;97240,47
2023-05-03;VIGT11;BRVIGTCTF004;VIGT;35;67,01;1;2345,35
2023-05-03;VIIA3;BRVIIAACNOR7;VIIA;228373453;1,842599;1;420800705,7
2023-05-03;VILG11;BRVILGCTF001;VILG;4798;90,9705418;1;436476,66
2023-05-03;VINO11;BRVINOCTF001;VINO;9796;42,2779838;1;414155,13
2023-05-03;VISA34;BRVISABDR000;VISA;74089;57,9418654;1;4292854,87
2023-05-03;VISC11;BRVISCCTF005;VISC;1749;103,6024699;1;181200,72
2023-05-03;VITT3;BRVITTACNOR4;VITT;170502;11,2270546;1;1914235,27
2023-05-03;VIUR11;BRVIURCTF009;VIUR;4236;7,29;1;30880,44
2023-05-03;VIVA3;BRVIVAACNOR0;VIVA;4432084;21,1213869;1;93611761,3
2023-05-03;VIVR3;BRVIVRACNOR4;VIVR;3966729;0,3542837;1;1405347,44
2023-05-03;VIVT3;BRVIVTACNOR0;VIVT;18398957;40,3830269;1;743005575,56
2023-05-03;VLID3;BRVLIDACNOR5;VLID;416943;10,0870103;1;4205708,37
2023-05-03;VRTA11;BRVRTACTF008;VRTA;1372;82,9716545;1;113837,11
2023-05-03;VSLH11;BRVSLHCTF008;VSLH;10736;4,2684165;1;45825,72
2023-05-03;VSTE3;BRVSTEACNOR5;VSTE;196027;15,5383831;1;3045942,63
2023-05-03;VTLT11;BRVTLTCTF001;VTLT;329;91,2619452;1;30025,18
2023-05-03;VULC3;BRVULCACNOR2;VULC;992254;12,3101839;1;12214829,3
2023-05-03;VVEO3;BRVVEOACNOR0;VVEO;957666;15,6429918;1;14980761,47
2023-05-03;WALM34;BRWALMBDR005;WALM;41502;46,8751103;1;1945410,83
2023-05-03;WEGE3;BRWEGEACNOR0;WEGE;39311200;40,0873435;1;1575881579,81
2023-05-03;WEST3;BRWESTACNOR3;WEST;2222846;1,1121497;1;2472137,52
2023-05-03;WFCO34;BRWFCOBDR009;WFCO;10487;49,196877;1;515927,65
2023-05-03;WHGR11;BRWHGRCTF008;WHGR;819;8,36;1;6846,84
2023-05-03;WHRL3;BRWHRLACNOR5;WHRL;18;4,38;1;78,84
2023-05-03;WHRL4;BRWHRLACNPR2;WHRL;392;4,396301;1;1723,35
2023-05-03;WIZC3;BRWIZCACNOR5;WIZC;1019079;5,8405705;1;5952002,84
2023-05-03;WLMM3;BRWLMMACNOR6;WLMM;3;22;1;66
2023-05-03;WLMM4;BRWLMMACNPR3;WLMM;23;19,1447826;1;440,33
2023-05-03;WRLD11;BRWRLDCTF007;WRLD;200807;81,1563785;1;16296768,91
2023-05-03;XBOV11;BRXBOVCTF005;XBOV;241;99,6864315;1;24024,43
2023-05-03;XFIX11;BRXFIXCTF004;XFIX;12368;9,9639545;1;123234,19
2023-05-03;XINA11;BRXINACTF006;XINA;108806;5,9901357;1;651762,71
2023-05-03;XMAL11;BRXMALCTF002;XMAL;264;5,9066287;1;1559,35
2023-05-03;XPBR31;BRXPBRBDR001;XPBR;4122636;63,5638889;1;262050777,08
2023-05-03;XPCI11;BRXPCICTF007;XPCI;1724;80,1045127;1;138100,18
2023-05-03;XPIN11;BRXPINCTF004;XPIN;127;69,8147244;1;8866,47
2023-05-03;XPLG11;BRXPLGCTF002;XPLG;62700;96,3837891;1;6043263,58
2023-05-03;XPML11;BRXPMLCTF000;XPML;36585;100,3093396;1;3669817,19
2023-05-03;XPPR11;BRXPPRCTF000;XPPR;9826;24,797531;1;243660,54
2023-05-03;XPSF11;BRXPSFCTF009;XPSF;2;6,92;1;13,84
2023-05-03;YDRO11;BRYDROCTF007;YDRO;6;38,13;1;228,78
2023-05-03;YDUQ3;BRYDUQACNOR3;YDUQ;19020981;8,2890172;1;157665239,41
2023-05-03;Z1OM34;BRZ1OMBDR000;Z1OM;5;14,446;1;72,23
2023-05-03;Z1TS34;BRZ1TSBDR006;Z1TS;2;53,98;1;107,96
2023-05-03;Z2LL34;BRZ2LLBDR006;Z2LL;40;18,66;1;746,4
2023-05-03;Z2SC34;BRZ2SCBDR000;Z2SC;1827;17,1468965;1;31327,38
2023-05-03;ZAMP3;BRZAMPACNOR5;ZAMP;1522359;4,0202736;1;6120299,7
